{"stats":{"minecraft:custom":{"minecraft:animals_bred":8,"minecraft:interact_with_crafting_table":130,"minecraft:open_barrel":50,"minecraft:bell_ring":22,"minecraft:eat_cake_slice":3,"minecraft:leave_game":28,"minecraft:time_since_death":53152,"minecraft:sprint_one_cm":1498819,"minecraft:damage_blocked_by_shield":2745,"minecraft:drop":1103,"minecraft:talked_to_villager":334,"minecraft:play_time":767259,"minecraft:deaths":54,"minecraft:jump":5941,"minecraft:walk_on_water_one_cm":147281,"minecraft:interact_with_furnace":72,"minecraft:traded_with_villager":367,"minecraft:interact_with_loom":1,"minecraft:sleep_in_bed":25,"the_bumblezone:interact_with_crystalline_flower":23,"minecraft:damage_dealt":28271,"minecraft:player_kills":4,"minecraft:crouch_one_cm":15618,"minecraft:interact_with_smoker":8,"minecraft:inspect_dispenser":4,"minecraft:interact_with_smithing_table":3,"minecraft:interact_with_anvil":20,"minecraft:mob_kills":271,"minecraft:inspect_hopper":3,"minecraft:fill_cauldron":1,"minecraft:interact_with_campfire":24,"minecraft:climb_one_cm":5304,"minecraft:walk_one_cm":1354813,"minecraft:sneak_time":16535,"minecraft:walk_under_water_one_cm":78380,"minecraft:boat_one_cm":115605,"the_bumblezone:bumble_bee_chestplate_fly_time":1036,"minecraft:interact_with_blast_furnace":24,"minecraft:total_world_time":767259,"minecraft:raid_trigger":1,"minecraft:interact_with_stonecutter":3,"minecraft:time_since_rest":3009,"minecraft:damage_taken":22556,"minecraft:damage_absorbed":80,"minecraft:swim_one_cm":46242,"minecraft:fly_one_cm":911495,"minecraft:open_chest":384,"minecraft:fall_one_cm":142276},"minecraft:broken":{"minecraft:iron_leggings":1,"minecraft:stone_axe":1,"minecraft:stone_shovel":1,"minecraft:leather_helmet":1,"minecraft:shield":1,"minecraft:iron_axe":9,"minecraft:iron_pickaxe":4},"minecraft:mined":{"minecraft:dark_oak_planks":1,"minecraft:spruce_planks":28,"minecraft:white_bed":3,"minecraft:farmland":1,"minecraft:red_nether_bricks":8,"minecraft:grass_block":21,"minecraft:coal_block":1,"minecraft:hopper":8,"minecraft:oxeye_daisy":1,"minecraft:spawner":3,"minecraft:glowstone":3,"minecraft:iron_ore":58,"minecraft:cobbled_deepslate":3,"minecraft:fire":3,"minecraft:pumpkin":6,"minecraft:fletching_table":8,"minecraft:azure_bluet":2,"minecraft:nether_brick_stairs":1,"minecraft:dark_oak_stairs":2,"minecraft:twisting_vines":11,"minecraft:cave_vines":13,"minecraft:dirt_path":1,"minecraft:flowering_azalea_leaves":5,"minecraft:water_cauldron":1,"minecraft:oak_stairs":3,"minecraft:quartz_slab":2,"minecraft:birch_wall_sign":1,"minecraft:azalea_leaves":15,"minecraft:spruce_slab":6,"minecraft:brown_mushroom":19,"minecraft:cyan_terracotta":8,"minecraft:blackstone":1,"minecraft:twisting_vines_plant":7,"minecraft:clay":32,"the_bumblezone:pile_of_pollen":30,"minecraft:torch":7,"minecraft:light_gray_terracotta":37,"minecraft:chest":7,"minecraft:mushroom_stem":1,"minecraft:glass":14,"minecraft:cobblestone":72,"minecraft:honeycomb_block":8,"minecraft:oak_planks":79,"minecraft:sugar_cane":194,"minecraft:wall_torch":5,"minecraft:cauldron":3,"the_bumblezone:porous_honeycomb_block":11,"minecraft:warped_nylium":11,"minecraft:dark_oak_slab":3,"minecraft:birch_log":624,"minecraft:wheat":620,"minecraft:jukebox":1,"minecraft:orange_tulip":1,"minecraft:warped_fungus":1,"minecraft:grass":25,"minecraft:oak_log":71,"minecraft:sand":155,"minecraft:dirt":120,"minecraft:crimson_planks":14,"minecraft:smooth_basalt":2,"minecraft:tripwire_hook":1,"minecraft:dispenser":2,"minecraft:red_mushroom_block":32,"minecraft:netherrack":93,"minecraft:oak_leaves":7,"minecraft:deepslate":7,"minecraft:nether_gold_ore":2,"minecraft:mossy_cobblestone":4,"minecraft:dark_oak_leaves":8,"minecraft:nether_brick_wall":1,"minecraft:dark_oak_log":198,"minecraft:stripped_birch_log":1,"the_bumblezone:glistering_honey_crystal":4,"minecraft:nether_bricks":12,"minecraft:dark_oak_fence":4,"minecraft:purple_terracotta":8,"minecraft:decorated_pot":1,"minecraft:jungle_planks":1,"minecraft:brown_mushroom_block":32,"the_bumblezone:carvable_wax":1,"minecraft:spruce_leaves":1,"the_bumblezone:filled_porous_honeycomb_block":11,"minecraft:moss_block":13,"minecraft:red_mushroom":8,"minecraft:cracked_nether_bricks":2,"minecraft:large_fern":3,"minecraft:hay_block":39,"minecraft:spore_blossom":2,"minecraft:redstone_ore":6,"minecraft:furnace":3,"minecraft:carrots":22,"minecraft:bell":1,"minecraft:bookshelf":8,"minecraft:deepslate_iron_ore":20,"minecraft:cobblestone_slab":8,"minecraft:warped_stem":1,"the_bumblezone:honey_crystal":12,"minecraft:stone":294,"minecraft:white_wool":8,"minecraft:flowering_azalea":1,"minecraft:glass_pane":1,"minecraft:basalt":1,"minecraft:dandelion":36,"minecraft:oak_fence":2,"minecraft:crafting_table":17,"minecraft:warped_roots":1,"minecraft:rose_bush":1,"minecraft:lectern":32,"minecraft:campfire":3,"minecraft:stone_slab":1,"minecraft:tall_grass":1,"minecraft:copper_ore":6,"minecraft:deepslate_gold_ore":6,"minecraft:lapis_ore":1,"minecraft:warped_wart_block":1,"minecraft:spruce_stairs":3,"minecraft:sweet_berry_bush":154,"minecraft:spruce_log":4,"minecraft:birch_leaves":54,"minecraft:yellow_bed":3,"minecraft:coal_ore":101,"minecraft:gravel":20,"minecraft:stone_bricks":1,"minecraft:gold_ore":1,"minecraft:fern":3},"minecraft:killed_by":{"minecraft:creeper":2,"minecraft:pillager":2,"minecraft:ravager":1,"minecraft:vindicator":16,"minecraft:zombie":3,"minecraft:witch":1,"minecraft:vex":1,"minecraft:illusioner":1,"graveyard:ghoul":1,"minecraft:iron_golem":15,"adventurez:blaze_guardian":1,"minecraft:bee":4,"minecraft:skeleton":3},"minecraft:crafted":{"minecraft:smooth_stone":3,"minecraft:oak_planks":444,"minecraft:cobblestone_slab":12,"scout:satchel":1,"minecraft:dark_oak_boat":1,"minecraft:stone":3,"minecraft:bookshelf":4,"minecraft:cooked_mutton":26,"minecraft:glass":124,"minecraft:hopper":9,"minecraft:diamond_leggings":1,"minecraft:diamond_helmet":1,"minecraft:bow":3,"minecraft:chest":14,"minecraft:honeycomb_block":1,"minecraft:oak_slab":18,"minecraft:emerald":304,"minecraft:arrow":384,"minecraft:cauldron":1,"minecraft:cooked_porkchop":3,"minecraft:diamond_axe":6,"minecraft:crafting_table":3,"minecraft:spruce_planks":16,"minecraft:wooden_pickaxe":1,"minecraft:smithing_table":1,"minecraft:fletching_table":1,"minecraft:birch_planks":2096,"minecraft:campfire":1,"minecraft:lectern":3,"minecraft:book":3,"minecraft:wooden_hoe":1,"minecraft:paper":15,"minecraft:diamond_pickaxe":5,"minecraft:shield":2,"minecraft:stone_slab":6,"minecraft:stick":6522,"minecraft:iron_ingot":118,"minecraft:iron_pickaxe":5,"scout:satchel_strap":2,"minecraft:stone_shovel":3,"minecraft:furnace":8,"minecraft:stone_button":1,"minecraft:blast_furnace":1,"minecraft:mushroom_stew":9,"minecraft:bone_meal":15,"minecraft:white_carpet":3,"minecraft:flint_and_steel":1,"minecraft:iron_axe":10,"minecraft:stone_pickaxe":3,"minecraft:diamond_boots":1,"minecraft:dark_oak_planks":692,"minecraft:birch_sign":9,"minecraft:wheat":225,"minecraft:cooked_beef":22,"minecraft:sugar":1,"minecraft:coal_block":6,"minecraft:crossbow":2,"minecraft:diamond_sword":1,"minecraft:bowl":8,"minecraft:bucket":2,"minecraft:stone_axe":12,"minecraft:enchanted_book":2,"minecraft:orange_dye":2,"minecraft:bread":220,"minecraft:air":0,"minecraft:wooden_axe":1,"minecraft:iron_shovel":3,"minecraft:iron_leggings":5,"minecraft:torch":16,"minecraft:diamond_chestplate":1},"minecraft:killed":{"minecraft:witch":3,"minecraft:spider":1,"the_bumblezone:honey_slime":1,"minecraft:skeleton":7,"minecraft:bee":1,"adventurez:blaze_guardian":2,"creeperoverhaul:dark_oak_creeper":1,"minecraft:pig":2,"minecraft:iron_golem":15,"minecraft:sheep":3,"minecraft:pillager":140,"minecraft:zombie":12,"minecraft:blaze":5,"minecraft:cow":34,"minecraft:evoker":2,"minecraft:vex":1,"minecraft:vindicator":3,"friendsandfoes:iceologer":1,"minecraft:player":4,"minecraft:villager":1},"minecraft:picked_up":{"minecraft:wheat":615,"minecraft:chainmail_boots":2,"the_bumblezone:honey_crystal_shards":187,"minecraft:bee_spawn_egg":1,"minecraft:oak_stairs":3,"spawnermod:spawner_key":2,"minecraft:enchanted_book":7,"minecraft:crimson_planks":18,"minecraft:string":4,"minecraft:raw_copper":16,"minecraft:red_nether_bricks":12,"minecraft:armor_stand":5,"minecraft:purple_banner":9,"minecraft:gold_nugget":33,"minecraft:cobbled_deepslate":22,"bosses_of_mass_destruction:soul_star":4,"minecraft:bucket":2,"minecraft:spruce_planks":42,"minecraft:iron_golem_spawn_egg":5,"minecraft:rose_bush":3,"minecraft:cobblestone_slab":102,"minecraft:calcite":3,"minecraft:azalea":16,"minecraft:iron_pickaxe":1,"hangglider:hang_glider":3,"the_bumblezone:honey_bee_leggings_1":1,"minecraft:coal_block":1,"minecraft:furnace":4,"minecraft:tipped_arrow":1,"minecraft:stick":410,"minecraft:sheaf_pottery_sherd":2,"minecraft:jukebox":3,"minecraft:big_dripleaf":5,"minecraft:torch":89,"minecraft:spruce_stairs":8,"minecraft:porkchop":1,"minecraft:honeycomb_block":28,"the_bumblezone:bumble_bee_chestplate_1":1,"morebows:multi_bow":1,"minecraft:cauldron":4,"minecraft:stone_sword":1,"minecraft:rotten_flesh":18,"minecraft:cow_spawn_egg":1,"minecraft:cyan_terracotta":11,"minecraft:blaze_rod":3,"adventurez:orc_skin":1,"minecraft:cobblestone":422,"minecraft:birch_log":753,"minecraft:cooked_beef":63,"minecraft:dark_oak_boat":2,"minecraft:potato":1,"minecraft:flint":7,"minecraft:lapis_lazuli":8,"minecraft:stripped_birch_log":1,"minecraft:dirt":267,"minecraft:twisting_vines":24,"minecraft:glass":366,"minecraft:bone":28,"the_bumblezone:stinger_spear":1,"minecraft:bow":3,"minecraft:wheat_seeds":1414,"minecraft:orange_tulip":3,"minecraft:bell":1,"minecraft:dark_oak_sign":1,"minecraft:fletching_table":8,"minecraft:glowstone_dust":15,"minecraft:moss_block":8,"minecraft:stone_hoe":2,"minecraft:honeycomb":20,"minecraft:oak_planks":373,"friendsandfoes:totem_of_freezing":1,"the_bumblezone:carvable_wax":1,"the_bumblezone:stingless_bee_helmet_1":1,"minecraft:sheep_spawn_egg":2,"minecraft:warped_wart_block":3,"minecraft:sand":242,"minecraft:jungle_planks":4,"minecraft:nether_brick_stairs":6,"minecraft:dark_oak_log":293,"minecraft:mossy_cobblestone":3,"minecraft:light_gray_terracotta":53,"minecraft:dispenser":3,"scout:tanned_leather":12,"minecraft:sugar":6,"minecraft:clay":7,"minecraft:angler_pottery_sherd":1,"minecraft:blue_ice":4,"minecraft:crossbow":5,"minecraft:bone_meal":8,"minecraft:emerald":831,"minecraft:chainmail_helmet":1,"minecraft:bread":54,"minecraft:oak_sapling":11,"minecraft:netherrack":245,"minecraft:dark_oak_fence":11,"minecraft:charcoal":12,"the_bumblezone:porous_honeycomb_block":67,"minecraft:shelter_pottery_sherd":2,"minecraft:crafting_table":26,"minecraft:azure_bluet":2,"minecraft:clay_ball":1642,"minecraft:golden_pickaxe":1,"minecraft:brown_mushroom":35,"friendsandfoes:totem_of_illusion":1,"minecraft:shield":1,"minecraft:blackstone":1,"minecraft:flint_and_steel":1,"minecraft:iron_shovel":1,"minecraft:quartz_slab":6,"minecraft:item_frame":1,"minecraft:white_carpet":6,"minecraft:beef":42,"minecraft:poppy":34,"minecraft:spruce_slab":8,"minecraft:lectern":39,"minecraft:chest":9,"minecraft:sugar_cane":744,"minecraft:birch_sapling":92,"minecraft:dark_oak_sapling":15,"minecraft:raw_iron":124,"minecraft:stone":6,"minecraft:bowl":5,"minecraft:cake":2,"minecraft:carrot":59,"minecraft:redstone":29,"minecraft:purple_terracotta":12,"minecraft:dark_oak_planks":24,"minecraft:arrow":2045,"minecraft:stone_shovel":2,"minecraft:nether_bricks":49,"minecraft:hay_block":85,"minecraft:gold_ingot":18,"minecraft:totem_of_undying":2,"minecraft:saddle":5,"minecraft:glistering_melon_slice":12,"minecraft:glow_berries":15,"minecraft:nether_brick_wall":2,"minecraft:mutton":4,"minecraft:white_wool":39,"minecraft:oxeye_daisy":1,"minecraft:basalt":1,"minecraft:tripwire_hook":1,"minecraft:leather":85,"minecraft:red_mushroom":34,"minecraft:filled_map":1,"minecraft:birch_planks":50,"minecraft:oak_log":70,"minecraft:chainmail_chestplate":6,"minecraft:yellow_bed":3,"minecraft:gunpowder":56,"minecraft:white_banner":28,"minecraft:spawner":5,"minecraft:red_nether_brick_stairs":1,"minecraft:stone_bricks":2,"minecraft:stone_pickaxe":2,"minecraft:warped_stem":2,"minecraft:spore_blossom":2,"minecraft:iron_ingot":743,"minecraft:cobweb":3,"the_bumblezone:carpenter_bee_boots_1":1,"minecraft:flowering_azalea":4,"minecraft:dark_oak_stairs":6,"minecraft:book":130,"minecraft:pillager_spawn_egg":2,"minecraft:oak_slab":4,"minecraft:smooth_basalt":2,"minecraft:milk_bucket":1,"minecraft:warped_fungus":1,"minecraft:dark_oak_slab":9,"minecraft:pumpkin":6,"minecraft:sweet_berries":361,"minecraft:dandelion":58,"minecraft:gravel":49,"minecraft:lava_bucket":1,"minecraft:amethyst_shard":2,"minecraft:spruce_sapling":1,"minecraft:blast_furnace":2,"minecraft:white_bed":8,"minecraft:spruce_log":3,"minecraft:spider_eye":2,"minecraft:leather_helmet":1,"minecraft:snort_pottery_sherd":2,"minecraft:stone_axe":3,"minecraft:chainmail_leggings":2,"the_bumblezone:pollen_puff":233,"minecraft:birch_sign":6,"minecraft:warped_roots":3,"morebows:iron_bow":1,"minecraft:baked_potato":14,"minecraft:black_wool":2,"minecraft:coal":206,"minecraft:hopper":7},"minecraft:dropped":{"minecraft:nether_brick_stairs":6,"minecraft:clay":2,"minecraft:moss_block":5,"minecraft:orange_dye":2,"minecraft:cooked_beef":8,"minecraft:oak_log":1,"minecraft:crafting_table":2,"the_bumblezone:pollen_puff":41,"minecraft:crossbow":8,"minecraft:glow_berries":3,"minecraft:warped_roots":3,"minecraft:saddle":1,"minecraft:emerald":32,"minecraft:cyan_terracotta":7,"minecraft:iron_pickaxe":1,"minecraft:dark_oak_boat":1,"minecraft:gold_ingot":2,"minecraft:bone":1,"minecraft:armor_stand":1,"minecraft:stone_axe":1,"hangglider:hang_glider":2,"minecraft:wheat":8,"minecraft:purple_banner":2,"minecraft:rotten_flesh":1,"minecraft:chainmail_chestplate":2,"minecraft:poppy":3,"minecraft:chest":1,"minecraft:chainmail_boots":1,"minecraft:red_nether_bricks":12,"minecraft:arrow":523,"minecraft:glass":32,"minecraft:netherrack":182,"minecraft:bread":155,"minecraft:spawner":3,"minecraft:iron_ingot":167,"minecraft:wheat_seeds":9,"minecraft:iron_golem_spawn_egg":1,"minecraft:book":2,"minecraft:cobblestone":58,"minecraft:nether_brick_wall":2,"minecraft:chainmail_helmet":1,"minecraft:lava_bucket":1,"minecraft:torch":1,"minecraft:rose_bush":1,"minecraft:iron_leggings":2,"minecraft:white_banner":178,"the_bumblezone:porous_honeycomb_block":25,"minecraft:angler_pottery_sherd":1,"minecraft:chainmail_leggings":1,"minecraft:bucket":3,"minecraft:furnace":1,"minecraft:sweet_berries":5,"spawnermod:spawner_key":1,"minecraft:raw_copper":12,"minecraft:bowl":2,"minecraft:raw_iron":10,"minecraft:stone_shovel":1,"minecraft:clay_ball":1,"minecraft:nether_bricks":49,"minecraft:red_nether_brick_stairs":1,"minecraft:filled_map":1,"minecraft:potato":1,"minecraft:big_dripleaf":5,"minecraft:shield":1,"adventurez:orc_skin":1,"minecraft:cake":2,"minecraft:oak_sapling":2,"minecraft:birch_sign":5,"minecraft:bow":1,"minecraft:stone_pickaxe":1},"minecraft:used":{"minecraft:moss_block":1,"minecraft:iron_shovel":278,"minecraft:spruce_slab":7,"minecraft:chest":19,"minecraft:shield":49,"minecraft:bell":1,"minecraft:rotten_flesh":1,"minecraft:milk_bucket":2,"minecraft:glass":116,"minecraft:lava_bucket":24,"minecraft:cyan_terracotta":2,"minecraft:birch_sapling":12,"minecraft:honeycomb_block":8,"minecraft:bow":84,"minecraft:dark_oak_boat":1,"minecraft:sweet_berries":261,"minecraft:furnace":8,"minecraft:oak_sapling":5,"minecraft:dark_oak_sapling":8,"minecraft:stone_pickaxe":249,"minecraft:oak_planks":71,"the_bumblezone:stinger_spear":9,"minecraft:wooden_pickaxe":46,"minecraft:chainmail_helmet":1,"minecraft:sugar_cane":37,"minecraft:clay":5,"minecraft:diamond_axe":266,"minecraft:glow_berries":1,"minecraft:white_wool":3,"minecraft:blast_furnace":2,"minecraft:mushroom_stew":8,"minecraft:light_gray_terracotta":38,"minecraft:purple_terracotta":11,"minecraft:dark_oak_log":3,"minecraft:bread":15,"minecraft:lectern":32,"morebows:multi_bow":149,"minecraft:diamond_sword":144,"minecraft:dark_oak_fence":2,"minecraft:smithing_table":1,"minecraft:birch_log":28,"minecraft:bone_meal":13,"minecraft:golden_pickaxe":28,"minecraft:rose_bush":1,"minecraft:stone_sword":36,"minecraft:armor_stand":1,"minecraft:stone_shovel":289,"minecraft:torch":28,"minecraft:dirt":149,"minecraft:hopper":17,"minecraft:spruce_stairs":6,"minecraft:twisting_vines":8,"minecraft:chainmail_chestplate":6,"minecraft:diamond_helmet":1,"minecraft:purple_banner":1,"minecraft:wooden_axe":81,"minecraft:dark_oak_planks":5,"minecraft:bookshelf":1,"minecraft:iron_axe":2375,"minecraft:oak_stairs":1,"minecraft:spawner":3,"minecraft:totem_of_undying":1,"minecraft:diamond_chestplate":1,"minecraft:cooked_beef":42,"minecraft:calcite":1,"minecraft:wheat_seeds":1254,"minecraft:cooked_mutton":1,"minecraft:water_bucket":255,"minecraft:baked_potato":14,"morebows:iron_bow":189,"minecraft:cauldron":5,"minecraft:fletching_table":9,"minecraft:cobblestone_slab":189,"minecraft:birch_sign":10,"minecraft:crafting_table":14,"minecraft:campfire":1,"minecraft:white_bed":4,"minecraft:oak_log":1,"minecraft:wooden_hoe":53,"minecraft:diamond_pickaxe":1038,"minecraft:iron_pickaxe":1082,"minecraft:stone_axe":125,"minecraft:cobblestone":277,"minecraft:cooked_porkchop":3,"minecraft:bucket":281,"the_bumblezone:bumble_bee_chestplate_1":1,"minecraft:yellow_bed":3,"minecraft:diamond_leggings":1}},"DataVersion":3465}